id,smiles,scaffold,y
2,CC(C)=CCCC(C)=CC=O,,-2.06
5,c1ccc2scnc2c1,c1ccc2scnc2c1,-1.5
6,Clc1cc(Cl)c(-c2c(Cl)cccc2Cl)c(Cl)c1,c1ccc(-c2ccccc2)cc1,-7.32
7,CC12CCC3c4ccc(O)cc4CCC3C1CCC2O,c1ccc2c(c1)CCC1C2CCC2CCCC21,-5.03
11,Clc1ccc2ccccc2c1,c1ccc2ccccc2c1,-4.14
12,C=CCCC,,-2.68
14,CCCCCCCCCCCCCC,,-7.96
15,CC(C)Cl,,-1.41
16,CCC(C)CO,,-0.47
17,N#Cc1ccccc1,c1ccccc1,-1.0
18,CCOP(=S)(OCC)Oc1cc(C)nc(C(C)C)n1,c1cncnc1,-3.64
19,CCCCCCCCCC(C)O,,-2.94
20,Clc1ccc(-c2c(Cl)ccc(Cl)c2Cl)c(Cl)c1,c1ccc(-c2ccccc2)cc1,-7.43
22,CCOP(=S)(OCC)SCSCC,,-4.11
23,CCOc1ccc(NC(C)=O)cc1,c1ccccc1,-2.35
24,CCN(CC)c1c([N+](=O)[O-])cc(C(F)(F)F)c(N)c1[N+](=O)[O-],c1ccccc1,-5.47
25,CCCCCCCO,,-1.81
26,Cn1c(=O)c2[nH]cnc2n(C)c1=O,O=c1[nH]c(=O)c2[nH]cnc2[nH]1,-1.39
27,CCCCC1(CC)C(=O)NC(=O)NC1=O,O=C1CC(=O)NC(=O)N1,-1.661
29,CCCCCCCC(=O)OC,,-3.17
30,CCc1ccc(CC)cc1,c1ccccc1,-3.75
31,CCOP(=S)(OCC)SCSC(C)(C)C,,-4.755
32,COC(=O)Nc1cccc(OC(=O)Nc2cccc(C)c2)c1,O=C(Nc1ccccc1)Oc1ccccc1,-4.805
33,C=C(Cl)Cl,,-1.64
35,CCCCC=O,,-0.85
37,CN(C)C(=O)SCCCCOc1ccccc1,c1ccccc1,-3.927
39,CCCCCCCI,,-4.81
40,Clc1cccc(-c2ccccc2)c1,c1ccc(-c2ccccc2)cc1,-4.88
41,C=CCCCO,,-0.15
43,CC1CCC(C(C)C)C(O)C1,C1CCCCC1,-2.53
44,CC(C)OC=O,,-0.63
45,CCCCCC(C)O,,-1.55
46,CC(=O)Nc1ccc(Br)cc1,c1ccccc1,-3.083
47,Nc1cnn(-c2ccccc2)c(=O)c1Br,O=c1cccnn1-c1ccccc1,-3.127
49,Cc1ccc2ccc(C)nc2c1,c1ccc2ncccc2c1,-1.94
50,C#CCCCCCC,,-3.66
52,c1ccc2c(c1)ccc1c3ccccc3ccc21,c1ccc2c(c1)ccc1c3ccccc3ccc21,-8.057
53,CCC(C)n1c(=O)[nH]c(C)c(Br)c1=O,O=c1cc[nH]c(=O)[nH]1,-2.523
54,Clc1cccc(-c2c(Cl)c(Cl)cc(Cl)c2Cl)c1Cl,c1ccc(-c2ccccc2)cc1,-8.6
55,Cc1ccccc1O,c1ccccc1,-0.62
56,CC(C)CCC(C)(C)C,,-5.05
57,Cc1ccc(C)c2ccccc12,c1ccc2ccccc2c1,-4.14
58,Cc1cc2c3ccccc3ccc2c2ccccc12,c1ccc2c(c1)ccc1c3ccccc3ccc21,-6.57
59,CCCC(C)=O,,-0.19
60,Clc1cc(Cl)c(Cl)c(-c2c(Cl)c(Cl)cc(Cl)c2Cl)c1Cl,c1ccc(-c2ccccc2)cc1,-9.15
61,CCCOC(=O)CC,,-0.82
62,CC12C=CC(=O)C=C1CCC1C3CC(O)C(O)(C(=O)CO)C3(C)CC(O)C12F,O=C1C=CC2C(=C1)CCC1C3CCCC3CCC21,-3.68
63,Nc1ccc(O)cc1,c1ccccc1,-0.8
66,CCNc1nc(Cl)nc(N(CC)CC)n1,c1ncncn1,-4.06
68,CCC(Br)(CC)C(=O)NC(N)=O,,-2.68
69,Clc1ccccc1-c1ccccc1Cl,c1ccc(-c2ccccc2)cc1,-5.27
71,O=[N+]([O-])c1ccc(Oc2ccc(Cl)cc2Cl)cc1,c1ccc(Oc2ccccc2)cc1,-5.46
72,CC12CCC(CC1=O)C2(C)C,O=C1CC2CCC1C2,-1.96
73,C=CCC1(c2ccccc2)C(=O)NC(=O)NC1=O,O=C1NC(=O)C(c2ccccc2)C(=O)N1,-2.369
74,CCCCC(=O)OCC,,-2.25
75,CC(=O)OCCC(C)C,,-1.92
76,CCCCCC(=O)OCN1C(=O)NC(c2ccccc2)(c2ccccc2)C1=O,O=C1NC(=O)C(c2ccccc2)(c2ccccc2)N1,-5.886
77,Clc1cccc(-c2cc(Cl)ccc2Cl)c1,c1ccc(-c2ccccc2)cc1,-6.01
78,CCCBr,,-1.73
80,COP(=S)(OC)SCC(=O)N(C)C=O,,-1.995
81,Cc1ncnc2nccnc12,c1cnc2ncncc2n1,-0.466
82,NC(N)=S,,0.32
83,Cc1ccc(C)cc1,c1ccccc1,-2.77
84,CCc1ccccc1CC,c1ccccc1,-3.28
85,ClC(Cl)(Cl)C(Cl)(Cl)Cl,,-3.67
87,CCC[N+](=O)[O-],,-0.8
88,CC1CCC(C(C)C)C(=O)C1,O=C1CCCCC1,-2.35
89,CCN1c2cc(Cl)ccc2NC(=O)c2cccnc21,O=C1Nc2ccccc2Nc2ncccc21,-5.36
90,O=[N+]([O-])c1cccc(Cl)c1Cl,c1ccccc1,-3.48
91,C=CCC1(C(C)CCC)C(=O)NC(=S)NC1=O,O=C1CC(=O)NC(=S)N1,-3.46
93,CCCOC(C)C,,-1.34
94,Cc1cc(C)c2ccccc2c1,c1ccc2ccccc2c1,-4.29
96,N#Cc1c(Cl)c(Cl)c(Cl)c(C#N)c1Cl,c1ccccc1,-5.64
97,Clc1ccc(Cl)c(-c2ccc(Cl)c(Cl)c2)c1,c1ccc(-c2ccccc2)cc1,-7.25
99,CC(C)c1ccccc1,c1ccccc1,-3.27
100,CC12CCC(=O)C=C1CCC1C2CCC2(C)C(C(=O)CO)CCC12,O=C1C=C2CCC3C4CCCC4CCC3C2CC1,-3.45
102,OC1COC(O)C(O)C1O,C1CCOCC1,0.39
103,ClCCl,,-0.63
104,CCc1cccc2ccccc12,c1ccc2ccccc2c1,-4.17
105,COC=O,,0.58
106,O=[N+]([O-])c1ccccc1O,c1ccccc1,-1.74
107,Cc1c[nH]c(=O)[nH]c1=O,O=c1cc[nH]c(=O)[nH]1,-1.506
108,CC(C)C,,-2.55
110,N#Cc1cc(I)c(O)c(I)c1,c1ccccc1,-3.61
111,O=C(Nc1ccc([N+](=O)[O-])cc1Cl)c1cc(Cl)ccc1O,O=C(Nc1ccccc1)c1ccccc1,-4.7
112,CCCCC,,-3.18
113,Oc1ccccc1,c1ccccc1,0.0
114,Nc1ccc2cc3ccccc3cc2c1,c1ccc2cc3ccccc3cc2c1,-5.17
115,Cn1cnc2c1c(=O)[nH]c(=O)n2C,O=c1[nH]c(=O)c2[nH]cnc2[nH]1,-2.523
117,COP(=S)(OC)SCC(=O)N(c1ccc(Cl)cc1)C(C)C,c1ccccc1,-4.4319999999999995
118,CCCCCCc1ccccc1,c1ccccc1,-5.21
119,Clc1ccccc1-c1ccccc1,c1ccc(-c2ccccc2)cc1,-4.54
120,C=C(C)CCC,,-3.03
121,CC(C)C(C)C(C)C,,-4.8
122,Clc1cc(Cl)c(Cl)c(Cl)c1Cl,c1ccccc1,-5.65
123,O=[N+]([O-])c1cccc(O)c1,c1ccccc1,-1.01
124,C=CCCCCCCCC,,-5.51
125,CC(=O)OCC(COC(C)=O)OC(C)=O,,-0.6
126,CCCCc1c(C)nc(N(C)C)nc1O,c1cncnc1,-2.24
127,CC1(C)C(C=C(Cl)Cl)C1C(=O)OC(C#N)c1ccc(F)c(Oc2ccccc2)c1,O=C(OCc1cccc(Oc2ccccc2)c1)C1CC1,-7.337000000000001
128,c1ccncc1,c1ccncc1,0.76
129,CCCCCCCBr,,-4.43
130,Cc1ccncc1C,c1ccncc1,0.36
131,CC12CCC(=O)C=C1CCC1C3CCC(O)(C(=O)CO)C3(C)CC(O)C12F,O=C1C=C2CCC3C4CCCC4CCC3C2CC1,-3.43
132,CCSCc1ccccc1OC(=O)NC,c1ccccc1,-2.09
133,CCOC(=O)CC(=O)OCC,,-0.82
134,C=C(C)C1CC=C(C)CC1,C1=CCCCC1,-4.26
136,CC(C)(C)c1ccc(O)cc1,c1ccccc1,-2.41
138,Clc1cccc(I)c1,c1ccccc1,-3.55
139,Brc1cccc2ccccc12,c1ccc2ccccc2c1,-4.35
140,C/C=C/CC,,-2.54
141,Cc1cccc(C)n1,c1ccncc1,0.45
142,ClC=C(Cl)Cl,,-1.96
143,Nc1cccc2ccccc12,c1ccc2ccccc2c1,-1.92
144,Cc1cccc(C)c1,c1ccccc1,-2.82
145,Oc1ncc2nccnc2n1,c1cnc2ncncc2n1,-1.9469999999999998
146,CO,,1.57
147,CCC1(CCC(C)C)C(=O)NC(=O)NC1=O,O=C1CC(=O)NC(=O)N1,-2.468
148,CCC(C)=O,,0.52
149,O=c1[nH]cc(F)c(=O)[nH]1,O=c1cc[nH]c(=O)[nH]1,-1.077
151,Oc1cccc(O)c1,c1ccccc1,0.81
152,CCCCCCO,,-1.24
153,CCCCCCl,,-2.73
154,C=CC=C,,-1.87
155,CCCOC(C)=O,,-0.72
157,NC(=O)CCl,,-0.02
158,COP(=S)(OC)Oc1cc(Cl)c(I)cc1Cl,c1ccccc1,-6.62
159,Cc1ccc(Cl)cc1,c1ccccc1,-3.08
162,CCCCCC=O,,-1.3
163,CCCCOC(=O)c1ccc(N)cc1,c1ccccc1,-3.082
164,Cc1ccc2c(c1)Oc1ncc(N)cc1C(=O)N2C,O=C1Nc2ccccc2Oc2ncccc21,-3.043
165,CC(C)=CCC/C(C)=C\CO,,-2.46
166,Clc1ccc(-c2ccccc2Cl)cc1,c1ccc(-c2ccccc2)cc1,-5.28
167,CCCCCCCC(=O)OCN1C(=O)NC(c2ccccc2)(c2ccccc2)C1=O,O=C1NC(=O)C(c2ccccc2)(c2ccccc2)N1,-6.523
168,CC[N+](=O)[O-],,-0.22
169,C=C(C)CN(CC)c1c([N+](=O)[O-])cc(C(F)(F)F)cc1[N+](=O)[O-],c1ccccc1,-6.124
170,Clc1ccc(Cl)c(Cl)c1Cl,c1ccccc1,-4.57
171,CCCC(C)(COC(N)=O)COC(N)=O,,-1.807
173,CI,,-1.0
175,CCCCCCC(=O)OCN1C(=O)NC(c2ccccc2)(c2ccccc2)C1=O,O=C1NC(=O)C(c2ccccc2)(c2ccccc2)N1,-6.301
176,CC1=CC(=O)CC(C)(C)C1,O=C1C=CCCC1,-1.06
177,CCC(C)C1(CC)C(=O)NC(=O)NC1=O,O=C1CC(=O)NC(=O)N1,-2.39
178,CCCCC(=O)CCCC,,-2.58
180,CCC(C)CC,,-3.68
183,N#CCCl,,-0.092
184,CCOP(=S)(CC)Oc1cc(Cl)c(Cl)cc1Cl,c1ccccc1,-5.752000000000001
185,C#CC1(O)CCC2C3CCC4=CC(=O)CCC4(C)C3CCC21C,O=C1C=C2CCC3C4CCCC4CCC3C2CC1,-5.66
187,Clc1cc(Cl)c(Cl)c(Cl)c1,c1ccccc1,-4.63
189,Nc1ccccc1O,c1ccccc1,-0.72
190,CCCCCCCCC(=O)OCC,,-3.8
191,COCC(=O)N(c1c(C)cccc1C)C(C)C(=O)OC,c1ccccc1,-1.601
192,CNC(=O)Oc1ccccc1OC(C)C,c1ccccc1,-2.05
193,CCC(C)Cl,,-1.96
194,Oc1ccc2ccccc2c1,c1ccc2ccccc2c1,-2.28
196,C#CCCCC,,-2.36
197,C#CCCCCCCC,,-4.24
198,Cc1ccccc1Cl,c1ccccc1,-3.52
199,CC(C)OC(C)C,,-1.1
201,CNN,,1.34
202,C#CC,,-0.41
203,CCOP(=S)(OCC)ON=C(C#N)c1ccccc1,c1ccccc1,-4.862
204,CCNP(=S)(OC)OC(C)=CC(=O)OC(C)C,,-3.408
205,C=CC=O,,0.57
207,Oc1ccc2ncccc2c1,c1ccc2ncccc2c1,-2.16
208,Fc1ccccc1,c1ccccc1,-1.8
209,CCCCl,,-1.47
210,CCOC(C)=O,,-0.04
211,CCCC(C)(C)C,,-4.36
212,Cc1cc(C)c(C)c(C)c1C,c1ccccc1,-4.0
213,CC12CCC(CC1)C(C)(C)O2,C1CC2CCC1CO2,-1.64
214,CCCCOC(=O)CCCCCCCCC(=O)OCCCC,,-3.8960000000000004
215,Clc1ccc(-c2ccc(Cl)cc2)cc1,c1ccc(-c2ccccc2)cc1,-6.56
216,Cc1cccnc1C,c1ccncc1,0.38
217,C=C(C)C1CC=C(C)C(=O)C1,O=C1C=CCCC1,-2.06
218,CCOP(=S)(OCC)SCSc1ccc(Cl)cc1,c1ccccc1,-5.736000000000001
221,Cc1ccc([N+](=O)[O-])cc1[N+](=O)[O-],c1ccccc1,-2.82
222,Brc1ccc2ccccc2c1,c1ccc2ccccc2c1,-4.4
223,CNC(=O)Oc1cccc(N=CN(C)C)c1,c1ccccc1,-2.34
224,COc1cnc2ncncc2n1,c1cnc2ncncc2n1,-1.139
227,C=CC(=C)C,,-2.03
228,C=CC(C)(O)CCC=C(C)C,,-1.99
229,COP(=S)(OC)Oc1ccc(SC)c(C)c1,c1ccccc1,-4.57
230,OC1CCCCC1,C1CCCCC1,-0.44
231,C=CCC1(C)C(=O)NC(=O)NC1=O,O=C1CC(=O)NC(=O)N1,-1.16
232,CC12CCC3C(CCC4CC(O)CCC43C)C1CCC2=O,O=C1CCC2C1CCC1C3CCCCC3CCC21,-4.16
233,OCC(O)C(O)C(O)C(O)CO,,0.06
234,Cc1ccc(-c2ccccc2)cc1,c1ccc(-c2ccccc2)cc1,-4.62
235,CCNc1nc(Cl)nc(NC(C)C)n1,c1ncncn1,-3.85
236,NC(=S)Nc1ccccc1,c1ccccc1,-1.77
237,CCCC(=O)CCC,,-1.3
238,CC(=O)C(C)(C)C,,-0.72
239,Oc1ccc(Cl)cc1,c1ccccc1,-0.7
240,O=C1CCCCC1,O=C1CCCCC1,-0.6
241,Cc1cccc(N)c1,c1ccccc1,-0.85
242,N#CC(Cl)(Cl)Cl,,-2.168
243,CNc1cnn(-c2cccc(C(F)(F)F)c2)c(=O)c1Cl,O=c1cccnn1-c1ccccc1,-4.046
244,CCCCCCCCC(C)=O,,-3.3
245,CCN(CC)c1nc(Cl)nc(NC(C)C)n1,c1ncncn1,-3.785
246,CCOC(=O)c1ccc(N)cc1,c1ccccc1,-2.616
247,Clc1ccc(Cl)c(Cl)c1,c1ccccc1,-3.59
249,Oc1ccccc1O,c1ccccc1,0.62
250,CCN1c2ncccc2C(=O)N(C)c2cccnc21,O=C1Nc2cccnc2Nc2ncccc21,-2.62
251,CSC,,-0.45
252,Cc1ccccc1Br,c1ccccc1,-2.23
253,CCOC(N)=O,,0.85
254,CC(=O)OC1(C(C)=O)CCC2C3C=C(C)C4=CC(=O)CCC4(C)C3CCC21C,O=C1C=C2C=CC3C4CCCC4CCC3C2CC1,-5.35
255,CC(C)C(O)C(C)C,,-1.22
256,c1ccc2ccccc2c1,c1ccc2ccccc2c1,-3.6
257,CCNc1ccccc1,c1ccccc1,-1.7
258,O=C1NC(=O)C(c2ccccc2)(c2ccccc2)N1,O=C1NC(=O)C(c2ccccc2)(c2ccccc2)N1,-4.0969999999999995
260,CCOP(=S)(OCC)SC(CCl)N1C(=O)c2ccccc2C1=O,O=C1NC(=O)c2ccccc21,-6.34
261,COc1ccc(C(c2ccc(OC)cc2)C(Cl)(Cl)Cl)cc1,c1ccc(Cc2ccccc2)cc1,-6.89
262,O=C(NC(=O)c1c(F)cccc1F)Nc1cc(Cl)c(F)c(Cl)c1F,O=C(NC(=O)c1ccccc1)Nc1ccccc1,-7.28
263,CCCCC(=O)OCN1C(=O)NC(c2ccccc2)(c2ccccc2)C1=O,O=C1NC(=O)C(c2ccccc2)(c2ccccc2)N1,-4.678
264,CN(C)C(=O)Nc1ccc(Cl)cc1,c1ccccc1,-2.89
266,CC(=O)OCC(=O)C1(O)C(OC(C)=O)CC2C3CCC4=CC(=O)C=CC4(C)C3(F)C(O)CC21C,O=C1C=CC2C(=C1)CCC1C3CCCC3CCC21,-4.13
267,CCCCBr,,-2.37
268,Brc1cc(Br)c(Br)cc1Br,c1ccccc1,-6.98
269,CC(=O)CC(C)C,,-0.74
270,CCSC(=O)N(CC)C1CCCCC1,C1CCCCC1,-3.4
271,COc1ccc(Cl)cc1,c1ccccc1,-2.78
272,CC1(C)C(C=C(Br)Br)C1C(=O)OC(C#N)c1cccc(Oc2ccccc2)c1,O=C(OCc1cccc(Oc2ccccc2)c1)C1CC1,-8.402000000000001
273,C=CCC1(C(C)CC)C(=O)NC(=O)NC1=O,O=C1CC(=O)NC(=O)N1,-2.016
274,COP(=S)(OC)Oc1ccc([N+](=O)[O-])c(C)c1,c1ccccc1,-4.04
275,Ic1cccc2ccccc12,c1ccc2ccccc2c1,-4.55
276,OCC(O)C(O)C(O)C(O)CO,,1.09
277,CCS,,-0.6
278,ClCC(Cl)Cl,,-1.48
280,NC(=O)c1ccccc1O,c1ccccc1,-1.82
281,Cc1ccccc1[N+](=O)[O-],c1ccccc1,-2.33
282,CC(C)C1(C(C)C)C(=O)NC(=O)NC1=O,O=C1CC(=O)NC(=O)N1,-2.766
283,CCc1ccccc1C,c1ccccc1,-3.21
284,CCCCCCCCl,,-4.0
285,CCC1(CC)C(=O)NC(=O)NC1=O,O=C1CC(=O)NC(=O)N1,-2.4
286,c1ccc(CCc2ccccc2)cc1,c1ccc(CCc2ccccc2)cc1,-4.62
287,ClC(Cl)C(Cl)Cl,,-1.74
288,CCN1c2cc(OC)cc(C)c2NC(=O)c2cccnc21,O=C1Nc2ccccc2Nc2ncccc21,-5.153
289,Cc1ccc2c(ccc3ccccc32)c1,c1ccc2c(c1)ccc1ccccc12,-5.84
290,CCCCOC(=O)c1ccccc1C(=O)OCCCC,c1ccccc1,-4.4
291,COc1c(O)c(Cl)c(Cl)c(Cl)c1Cl,c1ccccc1,-4.02
292,CCN(CC)C(=O)C(Cl)=CCOP(=O)(OC)OC,,0.523
295,COc1ccc([N+](=O)[O-])cc1,c1ccccc1,-2.41
296,CCCCCCCl,,-3.12
297,Clc1cc(-c2cc(Cl)c(Cl)c(Cl)c2Cl)c(Cl)c(Cl)c1Cl,c1ccc(-c2ccccc2)cc1,-9.16
299,CCCCCCCCCCCCCCCCCCCCCCCCCC,,-8.334
300,CCN1c2ccccc2N(C)C(=O)c2cccnc21,O=C1Nc2ccccc2Nc2ncccc21,-3.324
301,CC(Cl)Cl,,-1.29
302,Nc1ccc(S(N)(=O)=O)cc1,c1ccccc1,-1.34
303,CCCN(CCC)c1c([N+](=O)[O-])cc(C(C)C)cc1[N+](=O)[O-],c1ccccc1,-6.49
304,ClC1C(Cl)C(Cl)C(Cl)C(Cl)C1Cl,C1CCCCC1,-4.64
305,CCOP(=S)(NC(C)C)Oc1ccccc1C(=O)OC(C)C,c1ccccc1,-4.194
306,Clc1cccc(Cl)c1Cl,c1ccccc1,-4.0
307,ClC(Cl)(Cl)Cl,,-2.31
308,O=[N+]([O-])c1ccc(Cl)c(Cl)c1,c1ccccc1,-3.2
309,OC1CCCCCCC1,C1CCCCCCC1,-1.29
310,CC12CCC(=O)C=C1CCC1C2CCC2(C)C1CCC2(C)O,O=C1C=C2CCC3C4CCCC4CCC3C2CC1,-3.9989999999999997
311,CCOc1ccc(NC(N)=O)cc1,c1ccccc1,-2.17
312,CC1CCC(C)CC1,C1CCCCC1,-4.47
314,COC(C)(C)C,,-0.24
315,CC=Cc1ccc(OC)cc1,c1ccccc1,-3.13
316,CCCCCCCCCCCCCCCCO,,-7.0
317,O=c1cc[nH]c(=O)[nH]1,O=c1cc[nH]c(=O)[nH]1,-1.4880000000000002
319,Clc1cc(Cl)c(-c2cccc(Cl)c2Cl)cc1Cl,c1ccc(-c2ccccc2)cc1,-7.21
323,CCC1(c2ccccc2)C(=O)NC(=O)NC1=O,O=C1NC(=O)C(c2ccccc2)C(=O)N1,-2.322
324,Clc1ccc(-c2cccc(Cl)c2Cl)cc1,c1ccc(-c2ccccc2)cc1,-6.29
325,CC(C)c1ccc(NC(=O)N(C)C)cc1,c1ccccc1,-3.536
327,CCC(C)(C)CO,,-1.04
328,CCCOC(=O)CCC,,-1.75
329,Cc1c([N+](=O)[O-])cc([N+](=O)[O-])cc1[N+](=O)[O-],c1ccccc1,-3.22
330,CC(C)OP(=S)(OC(C)C)SCCNS(=O)(=O)c1ccccc1,c1ccccc1,-4.2
331,C1CCCCCC1,C1CCCCCC1,-3.51
332,CCCOC=O,,-0.49
333,Cc1ccccc1C(C)C,c1ccccc1,-3.76
334,Nc1cccc(Cl)c1,c1ccccc1,-1.37
335,CC(C)CC(C)C,,-4.26
337,CCOC1Oc2ccc(OS(C)(=O)=O)cc2C1(C)C,c1ccc2c(c1)CCO2,-3.42
338,CN(C)C(=O)Nc1cccc(C(F)(F)F)c1,c1ccccc1,-3.43
340,CC12CCC(=O)C=C1CCC1C2C(=O)CC2(C)C1CCC2(O)C(=O)CO,O=C1C=C2CCC3C4CCCC4CC(=O)C3C2CC1,-3.11
341,OCC1OC(O)C(O)C(O)C1O,C1CCOCC1,0.74
342,Cc1cccc(O)c1,c1ccccc1,-0.68
345,O=[N+]([O-])c1ccc([N+](=O)[O-])cc1,c1ccccc1,-3.39
347,CCCCCCCCCC(=O)OCC,,-4.1
348,CN(C)C(=O)Nc1ccccc1,c1ccccc1,-1.6
349,CCCOCC,,-0.66
350,CC(C)O,,0.43
351,Cc1ccc2ccccc2c1,c1ccc2ccccc2c1,-3.77
352,ClC(Br)Br,,-1.9
353,CCC(c1ccc(O)cc1)C(CC)c1ccc(O)cc1,c1ccc(CCc2ccccc2)cc1,-4.43
354,CCOC(=O)CC(SP(=S)(OC)OC)C(=O)OCC,,-3.37
355,ClCc1ccccc1,c1ccccc1,-2.39
356,C/C=C/C=O,,0.32
357,CON(C)C(=O)Nc1ccc(Br)c(Cl)c1,c1ccccc1,-3.924
358,Cc1c2ccccc2c(C)c2ccccc12,c1ccc2cc3ccccc3cc2c1,-6.57
359,CCCCCC(=O)OC,,-1.87
361,CC(=O)Nc1ccc(F)cc1,c1ccccc1,-1.78
362,CCc1cccc(CC)c1N(COC)C(=O)CCl,c1ccccc1,-3.26
363,C1=CCCCC1,C1=CCCCC1,-2.59
364,CC12CCC(=O)C=C1CCC1C2C(O)CC2(C)C1CCC2(O)C(=O)CO,O=C1C=C2CCC3C4CCCC4CCC3C2CC1,-3.09
365,c1cncnc1,c1cncnc1,1.1
366,O=[N+]([O-])c1ccc(Cl)cc1,c1ccccc1,-2.92
367,CCC(=O)OC,,-0.14
368,O=[N+]([O-])c1ccccc1Cl,c1ccccc1,-2.55
369,CCCCN(C)C(=O)Nc1ccc(Cl)c(Cl)c1,c1ccccc1,-4.77
371,O=[N+]([O-])c1ccccc1,c1ccccc1,-1.8
372,Ic1ccccc1,c1ccccc1,-3.01
374,COc1ccccc1OCC(O)COC(N)=O,c1ccccc1,-0.985
375,CCCCOCN(C(=O)CCl)c1c(CC)cccc1CC,c1ccccc1,-4.19
376,Oc1cccc(Cl)c1Cl,c1ccccc1,-1.3
377,CCCC(=O)OC,,-1.92
378,CCC(=O)Nc1ccc(Cl)c(Cl)c1,c1ccccc1,-3.0
380,CCCCCC(=O)OCC,,-2.35
383,COc1nc(NC(C)C)nc(NC(C)C)n1,c1ncncn1,-2.478
384,C=CCCCCCC,,-4.44
385,Cc1ccc(N)cc1,c1ccccc1,-1.21
387,CNC(=O)Oc1ccccc1,c1ccccc1,-1.8030000000000002
388,CCCC(O)CC,,-0.8
389,Oc1c2ccccc2cc2ccccc12,c1ccc2cc3ccccc3cc2c1,-4.73
390,Cc1ccc2cc3ccccc3cc2c1,c1ccc2cc3ccccc3cc2c1,-6.96
391,Cc1cccc(C)c1C,c1ccccc1,-3.2
392,CNC(=O)Oc1ccc(N(C)C)c(C)c1,c1ccccc1,-2.36
393,CCCCCCCC(C)O,,-2.74
395,CCCC(=O)CC,,-0.83
396,N#Cc1cc(Br)c(O)c(Br)c1,c1ccccc1,-3.33
397,Clc1ccc(-c2ccccc2)cc1Cl,c1ccc(-c2ccccc2)cc1,-6.39
399,Oc1cccc2ncccc12,c1ccc2ncccc2c1,-2.54
401,CCOc1ccc2nc(S(N)(=O)=O)sc2c1,c1ccc2scnc2c1,-3.81
402,Oc1c(Cl)c(Cl)c(Cl)c(Cl)c1Cl,c1ccccc1,-4.28
403,ClCBr,,-0.89
404,CCC1(CC)C(=O)NC(=O)N(C)C1=O,O=C1CC(=O)NC(=O)N1,-2.23
405,CC(=O)OCC(=O)C1CCC2C3CCC4=CC(=O)CCC4(C)C3CCC12C,O=C1C=C2CCC3C4CCCC4CCC3C2CC1,-4.63
406,NC(=O)NCc1ccccc1,c1ccccc1,-0.95
407,Cc1ccc(NC(=O)N(C)C)cc1Cl,c1ccccc1,-3.483
408,CON(C)C(=O)Nc1ccc(Cl)c(Cl)c1,c1ccccc1,-3.592
409,OC1CCCCCC1,C1CCCCCC1,-0.88
410,CS(=O)(=O)c1ccc(C(O)C(CO)NC(=O)C(Cl)Cl)cc1,c1ccccc1,-2.154
411,CCCC(C)C1(CC)C(=O)NC(=S)NC1=O,O=C1CC(=O)NC(=S)N1,-3.36
413,O=[N+]([O-])c1ccc(O)cc1,c1ccccc1,-0.74
415,C1CCOC1,C1CCOC1,0.49
416,Nc1ccccc1[N+](=O)[O-],c1ccccc1,-1.96
417,Clc1cccc(-c2cccc(Cl)c2Cl)c1Cl,c1ccc(-c2ccccc2)cc1,-7.28
418,CCCCC1C(=O)N(c2ccccc2)N(c2ccccc2)C1=O,O=C1CC(=O)N(c2ccccc2)N1c1ccccc1,-3.81
419,Cc1c([N+](=O)[O-])cccc1[N+](=O)[O-],c1ccccc1,-3.0
420,CC(=O)C1CCC2C3CCC4=CC(=O)CCC4(C)C3CCC12C,O=C1C=C2CCC3C4CCCC4CCC3C2CC1,-4.42
421,CCN(CC)c1nc(Cl)nc(N(CC)CC)n1,c1ncncn1,-4.4110000000000005
423,Brc1ccc(Br)c(Br)c1,c1ccccc1,-4.5
424,O=C1Nc2ccc(Cl)cc2C(c2ccccc2)=NC1O,O=C1CN=C(c2ccccc2)c2ccccc2N1,-3.952
425,C=CCC1(C(C)CCC)C(=O)NC(=O)NC1=O,O=C1CC(=O)NC(=O)N1,-2.356
426,Cc1ccc(C(C)C)cc1O,c1ccccc1,-2.08
430,CCN(CC)C(=S)SSC(=S)N(CC)CC,,-4.86
431,C1CCCCC1,C1CCCCC1,-3.1
433,Cc1cc(Cl)ccc1N=CN(C)C,c1ccccc1,-2.86
435,CCCCCCCCO,,-2.39
436,CCSCC,,-1.34
437,ClCCCl,,-1.06
438,CCC(C)(C)Cl,,-2.51
439,ClCCBr,,-1.32
440,Nc1ccc([N+](=O)[O-])cc1,c1ccccc1,-2.37
442,CCN1C(=O)c2cccnc2N(CC)c2ncccc21,O=C1Nc2cccnc2Nc2ncccc21,-2.86
443,Clc1ccccc1,c1ccccc1,-2.38
444,C=CCCCCCCC,,-5.05
445,Brc1ccc(I)cc1,c1ccccc1,-4.56
446,CCC(C)(O)CC,,-0.36
447,CCCCCc1ccccc1,c1ccccc1,-4.64
448,NC(=O)NC1NC(=O)NC1=O,O=C1CNC(=O)N1,-1.6
450,Clc1ccc(C(c2ccc(Cl)cc2)C(Cl)Cl)cc1,c1ccc(Cc2ccccc2)cc1,-7.2
451,CC(=O)OC1CCC2C3CCC4=CC(=O)CCC4(C)C3CCC12C,O=C1C=C2CCC3C4CCCC4CCC3C2CC1,-5.184
452,Clc1cccc2ccccc12,c1ccc2ccccc2c1,-3.93
454,CCCCC(C)O,,-0.89
455,CCCC1CCCC1,C1CCCC1,-4.74
457,Oc1ccc(Cl)c(Cl)c1,c1ccccc1,-1.25
458,CC1(C)C(C=C(Cl)Cl)C1C(=O)OC(C#N)c1cccc(Oc2ccccc2)c1,O=C(OCc1cccc(Oc2ccccc2)c1)C1CC1,-8.017000000000001
460,CCCCCO,,-0.6
461,CCN(CC)c1ccccc1,c1ccccc1,-3.03
462,Fc1cccc(F)c1,c1ccccc1,-2.0
463,N#CCCCl,,-0.29
464,CC(C)(C)Cc1ccccc1,c1ccccc1,-4.15
465,CCC1(c2ccccc2)C(=O)NC(=O)NC1=O,O=C1NC(=O)C(c2ccccc2)C(=O)N1,-2.322
466,Clc1ccccc1I,c1ccccc1,-3.54
468,CNC(=O)Oc1cccc2c1OC(C)(C)C2,c1ccc2c(c1)CCO2,-2.8
469,Cc1cccc(C)c1O,c1ccccc1,-1.29
470,CC(C)C(C)O,,-0.18
471,OC(c1ccccc1)c1ccccc1,c1ccc(Cc2ccccc2)cc1,-2.55
472,CCCCCCCCCC(=O)OC,,-4.69
473,COP(=S)(OC)Oc1ccc([N+](=O)[O-])cc1Cl,c1ccccc1,-4.31
474,CC(C)CBr,,-2.43
475,CCI,,-1.6
476,Cc1nc(N(C)C)nc(OC(=O)N(C)C)c1C,c1cncnc1,-1.95
477,CCCCCCBr,,-3.81
478,CCCC(C)C,,-3.74
480,CCc1cccc(C)c1N(C(=O)CCl)C(C)COC,c1ccccc1,-2.73
481,O=[N+]([O-])c1ccc(C=NO)o1,c1ccoc1,-2.19
484,BrC(Br)Br,,-1.91
485,COP(=O)(OC)C(O)C(Cl)(Cl)Cl,,-0.22
487,OCc1ccccc1,c1ccccc1,-0.4
489,Oc1ccc(Br)cc1,c1ccccc1,-1.09
490,CC(C)Br,,-1.59
491,CC(C)CC(C)(C)C,,-4.74
492,O=[N+]([O-])c1cc([N+](=O)[O-])cc([N+](=O)[O-])c1,c1ccccc1,-2.89
493,CN1C(=O)CN=C(c2ccccc2)c2cc([N+](=O)[O-])ccc21,O=C1CN=C(c2ccccc2)c2ccccc2N1,-3.7960000000000003
494,CCC,,-1.94
498,OC(c1ccc(Cl)cc1)(c1ccc(Cl)cc1)C(Cl)(Cl)Cl,c1ccc(Cc2ccccc2)cc1,-5.666
500,CCOP(=S)(OCC)SC(CCl)N1C(=O)c2ccccc2C1=O,O=C1NC(=O)c2ccccc21,-6.34
501,Brc1ccc(Br)cc1,c1ccccc1,-4.07
503,Oc1ccc(-c2ccccc2)cc1,c1ccc(-c2ccccc2)cc1,-3.48
505,C=COCC,,-0.85
506,C#CCC,,-1.24
507,COc1ncnc2nccnc12,c1cnc2ncncc2n1,-1.11
508,CCCCC(C)(O)CC,,-1.6
509,Clc1ccc(Cl)cc1,c1ccccc1,-3.27
510,CC(=O)OCN1C(=O)NC(c2ccccc2)(c2ccccc2)C1=O,O=C1NC(=O)C(c2ccccc2)(c2ccccc2)N1,-4.47
511,CSCS(=O)CC(CO)NC(=O)C=Cc1c(C)[nH]c(=O)[nH]c1=O,O=c1cc[nH]c(=O)[nH]1,-1.9809999999999999
513,COc1ncc2nccnc2n1,c1cnc2ncncc2n1,-1.11
516,CC#N,,0.26
517,CCOC(=O)NCCOc1ccc(Oc2ccccc2)cc1,c1ccc(Oc2ccccc2)cc1,-4.7
519,ClCC(Cl)(Cl)Cl,,-2.18
520,CCCCO,,0.0
522,Clc1cc(Cl)cc(Cl)c1,c1ccccc1,-4.48
523,O=Cc1ccco1,c1ccoc1,-0.1
524,CC(C)CCO,,-0.51
526,C=C(C)C,,-2.33
527,O=Cc1ccccc1,c1ccccc1,-1.19
528,C=C(C)C(=C)C,,-2.4
529,CCOC(=O)CCN(SN(C)C(=O)Oc1cccc2c1OC(C)(C)C2)C(C)C,c1ccc2c(c1)CCO2,-4.71
530,CN1C(=O)c2cccnc2Oc2ccccc21,O=C1Nc2ccccc2Oc2ncccc21,-3.6719999999999997
532,CC1CCCCC1,C1CCCCC1,-3.85
533,N=C(N)NS(=O)(=O)c1ccc(N)cc1,c1ccccc1,-1.99
534,COC(=O)c1ccc(O)cc1,c1ccccc1,-1.827
535,CC1CCCO1,C1CCOC1,0.11
538,CCCI,,-2.29
539,CCNc1nc(NC(C)C)nc(SC)n1,c1ncncn1,-3.04
540,CCCO,,0.62
541,CC(=O)C1(O)CCC2C3CCC4=CC(=O)CCC4(C)C3CCC21C,O=C1C=C2CCC3C4CCCC4CCC3C2CC1,-3.8169999999999997
542,CCCC(C)O,,-0.29
544,Cc1ccc(O)c(C)c1,c1ccccc1,-1.19
545,O=[N+]([O-])c1cccc(Cl)c1,c1ccccc1,-2.77
546,Cc1c(N)c(=O)n(-c2ccccc2)n1C,O=c1cc[nH]n1-c1ccccc1,-0.624
547,Clc1ccc(-c2cc(Cl)ccc2Cl)c(Cl)c1,c1ccc(-c2ccccc2)cc1,-6.57
548,ClC(Cl)=C(Cl)C(Cl)=C(Cl)Cl,,-4.92
549,CCNc1nc(NC(C)(C)C)nc(SC)n1,c1ncncn1,-4.0
550,CCC(C)CCO,,-0.71
551,Cc1ncc2nccnc2n1,c1cnc2ncncc2n1,-0.12
553,CCCCI,,-2.96
554,Brc1ccc2ccccc2c1,c1ccc2ccccc2c1,-4.4
555,CC1OC(OC2C(O)CC(OC3C(O)CC(OC4CCC5(C)C(CCC6C5CC(O)C5(C)C(C7=CC(=O)OC7)CCC65O)C4)OC3C)OC2C)CC(O)C1O,O=C1C=C(C2CCC3C2CCC2C4CCC(OC5CCC(OC6CCC(OC7CCCCO7)CO6)CO5)CC4CCC23)CO1,-4.081
556,FC(F)(F)c1ccccc1,c1ccccc1,-2.51
557,CCCCCCOC(=O)c1ccccc1C(=O)OCCCCCC,c1ccccc1,-6.144
559,Clc1ccc(-c2ccc(Cl)c(Cl)c2Cl)c(Cl)c1,c1ccc(-c2ccccc2)cc1,-7.8
560,Clc1ccc(-c2ccc(Cl)c(Cl)c2Cl)c(Cl)c1Cl,c1ccc(-c2ccccc2)cc1,-8.01
562,OC(c1ccccc1)C(O)c1ccccc1,c1ccc(CCc2ccccc2)cc1,-1.93
563,COC(=O)c1ccccc1C(=O)OC,c1ccccc1,-1.66
564,CCCCCCCC(=O)OCC,,-3.39
565,CCSSCC,,-2.42
566,CCOCCOCC,,-0.77
567,Clc1cc(Cl)c(Cl)cc1Cl,c1ccccc1,-5.56
568,Nc1ccc(-c2ccc(N)cc2)cc1,c1ccc(-c2ccccc2)cc1,-2.7
569,C=CCCCCC,,-3.73
571,CCCC(C)C1(CC)C(=O)NC(=O)NC1=O,O=C1CC(=O)NC(=O)N1,-2.39
572,Nc1ccccc1Cl,c1ccccc1,-1.52
573,COc1cccc(Cl)c1,c1ccccc1,-2.78
574,CCCCN(CC)C(=O)SCCC,,-3.53
575,CCCCOC=O,,-1.37
576,CC12C=CC(=O)C=C1CCC1C2C(O)CC2(C)C1CCC2(O)C(=O)CO,O=C1C=CC2C(=C1)CCC1C3CCCC3CCC21,-3.18
577,ClC(Cl)Br,,-1.54
580,O=Cc1ccc(O)cc1,c1ccccc1,-0.96
581,CBr,,-0.79
584,CCc1ccc2ccccc2c1,c1ccc2ccccc2c1,-4.29
585,Cc1c[nH]c(=O)nc1N,O=c1nccc[nH]1,-1.4580000000000002
586,Clc1c(Cl)c(Cl)c(-c2ccccc2)c(Cl)c1Cl,c1ccc(-c2ccccc2)cc1,-7.92
587,O=C(Nc1ccccc1)c1ccccc1I,O=C(Nc1ccccc1)c1ccccc1,-4.21
589,Fc1ccccc1Br,c1ccccc1,-2.7
590,Oc1ccc(Cl)cc1Cl,c1ccccc1,-1.55
591,CC1(C)C(C=C(Cl)Cl)C1C(=O)OCc1cccc(Oc2ccccc2)c1,O=C(OCc1cccc(Oc2ccccc2)c1)C1CC1,-6.291
593,CCC(=O)OCN1C(=O)NC(c2ccccc2)(c2ccccc2)C1=O,O=C1NC(=O)C(c2ccccc2)(c2ccccc2)N1,-4.907
594,C1CCCC1,C1CCCC1,-2.64
595,Cc1ccccc1N,c1ccccc1,-2.21
596,C=CCc1ccc(OC)cc1,c1ccccc1,-2.92
597,CN(C)C(=O)Nc1cccc(OC(=O)NC(C)(C)C)c1,c1ccccc1,-2.93
598,C=CC(C)C,,-2.73
599,Oc1ccccn1,c1ccncc1,1.02
600,CC,,-1.36
601,Clc1ccccc1Cl,c1ccccc1,-3.05
602,Sc1nc2ccccc2s1,c1ccc2scnc2c1,-3.18
603,Clc1c(Cl)c(Cl)c(-c2c(Cl)c(Cl)c(Cl)c(Cl)c2Cl)c(Cl)c1Cl,c1ccc(-c2ccccc2)cc1,-11.6
605,CC(N)=O,,1.58
606,Cc1cccc2ccccc12,c1ccc2ccccc2c1,-3.7
607,CCN(CC)C(=O)C(C)Oc1cccc2ccccc12,c1ccc2ccccc2c1,-3.57
608,CC(O)C(C)(C)C,,-0.62
609,CCCC(=O)OCC,,-1.36
610,CC1=CC(=O)c2ccccc2C1=O,O=C1C=CC(=O)c2ccccc21,-3.03
611,c1ccc2c(c1)ccc1ccccc12,c1ccc2c(c1)ccc1ccccc12,-5.26
612,Cc1ccnc(C)c1,c1ccncc1,0.38
613,CCCCCCCCCO,,-3.01
614,BrCBr,,-1.17
615,CC1CC2C3CCC4=CC(=O)C=CC4(C)C3(F)C(O)CC2(C)C1(O)C(=O)CO,O=C1C=CC2C(=C1)CCC1C3CCCC3CCC21,-3.59
616,Cc1ccc2cc(C)ccc2c1,c1ccc2ccccc2c1,-4.89
617,CCSC(=O)N(CC(C)C)CC(C)C,,-3.68
618,O=[N+]([O-])OCC(CO[N+](=O)[O-])O[N+](=O)[O-],,-2.22
619,Nc1cccc([N+](=O)[O-])c1,c1ccccc1,-2.19
620,CCCCCl,,-2.03
623,Nc1cc2c3ccccc3ccc2c2ccccc12,c1ccc2c(c1)ccc1c3ccccc3ccc21,-6.2
627,O=C1CN=C(c2ccccc2)c2cc([N+](=O)[O-])ccc2N1,O=C1CN=C(c2ccccc2)c2ccccc2N1,-3.7960000000000003
628,CCNC(=S)NCC,,-1.46
629,Oc1cc(Cl)cc(Cl)c1Cl,c1ccccc1,-2.67
630,CCCCC(=O)OC,,-1.34
631,Nc1ccccc1,c1ccccc1,-0.41
632,Cc1cccc2c(C)cccc12,c1ccc2ccccc2c1,-4.678999999999999
635,CCCCCOC(=O)CC,,-1.28
636,CCNc1nc(NC(C)C)nc(OC)n1,c1ncncn1,-2.084
638,CCBr,,-1.09
639,CCC#CCC,,-1.99
640,CC1OC(OC2C(O)CC(OC3C(O)CC(OC4CCC5(C)C(CCC6C5CCC5(C)C(C7=CC(=O)OC7)CCC65O)C4)OC3C)OC2C)CC(O)C1O,O=C1C=C(C2CCC3C2CCC2C4CCC(OC5CCC(OC6CCC(OC7CCCCO7)CO6)CO5)CC4CCC23)CO1,-5.292999999999999
641,C=C(C)CC,,-2.73
642,Oc1cccc2cccnc12,c1ccc2ncccc2c1,-2.42
645,Brc1cc(Br)cc(Br)c1,c1ccccc1,-5.6
646,COP(=S)(OC)Oc1cc(Cl)c(Cl)cc1Cl,c1ccccc1,-5.72
648,C=CCc1ccc(O)c(OC)c1,c1ccccc1,-1.56
649,C=CCC1(C(C)C)C(=O)NC(=O)NC1=O,O=C1CC(=O)NC(=O)N1,-1.7080000000000002
651,CCOC(C)OCC,,-0.43
653,CCCCOCCO,,-0.42
654,O=[N+]([O-])c1c(Cl)c(Cl)c(Cl)c(Cl)c1Cl,c1ccccc1,-5.82
655,CC12CCC3C(CCC4CC(O)CCC43C)C1CCC2=O,O=C1CCC2C1CCC1C3CCCCC3CCC21,-4.402
657,c1ccc2ncccc2c1,c1ccc2ncccc2c1,-1.3
658,COC(=O)c1cc(O)c(O)c(O)c1,c1ccccc1,-1.24
661,Clc1ccc(-c2c(Cl)c(Cl)c(Cl)c(Cl)c2Cl)c(Cl)c1,c1ccc(-c2ccccc2)cc1,-7.92
663,ClCCCCl,,-1.62
664,Fc1cccc(Br)c1,c1ccccc1,-2.67
665,Clc1ccc(Br)cc1,c1ccccc1,-3.63
666,CC(C)C(C)C,,-3.65
667,C=CCC,,-1.94
668,Clc1ccc(Cl)c(-c2cc(Cl)c(Cl)c(Cl)c2Cl)c1,c1ccc(-c2ccccc2)cc1,-7.68
669,Nc1cc[nH]c(=O)n1,O=c1nccc[nH]1,-1.155
670,FC(F)(Cl)C(F)(Cl)Cl,,-3.04
671,CCC#N,,0.28
672,Clc1ccc(C(c2ccccc2Cl)C(Cl)Cl)cc1,c1ccc(Cc2ccccc2)cc1,-6.51
673,COc1ccccc1[N+](=O)[O-],c1ccccc1,-1.96
677,CCC(C)c1cc([N+](=O)[O-])cc([N+](=O)[O-])c1O,c1ccccc1,-3.38
679,OCC(O)CO,,1.12
680,COc1ccccc1O,c1ccccc1,-1.96
681,CCOP(=S)(OCC)Oc1nc(Cl)c(Cl)cc1Cl,c1ccncc1,-5.67
682,Cc1c2ccccc2cc2ccccc12,c1ccc2cc3ccccc3cc2c1,-5.89
683,Cc1cc(=O)n(-c2ccccc2)n1C,O=c1cc[nH]n1-c1ccccc1,0.715
684,CCCCOC,,-0.99
685,Cc1cnc2cncnc2n1,c1cnc2ncncc2n1,-0.8540000000000001
686,CCNc1nc(Cl)nc(NCC)n1,c1ncncn1,-4.55
687,CC(=O)N(C)C,,1.11
688,CSc1nc(N(C)C)nc(N(C)C)n1,c1ncncn1,-2.676
689,C=C,,-0.4
690,CC(C)(C)CCO,,-0.5
691,C=CCC1(CC)C(=O)NC(=O)NC1=O,O=C1CC(=O)NC(=O)N1,-1.614
692,Oc1ccc(Cl)c(Cl)c1Cl,c1ccccc1,-2.67
693,COc1ccccc1,c1ccccc1,-1.85
694,CC(C)OC(=O)C(O)(c1ccc(Cl)cc1)c1cccc(Cl)c1,c1ccc(Cc2ccccc2)cc1,-4.53
695,CC12CCC(=O)C=C1CCC1C2C(O)CC2(C=O)C(C(=O)CO)CCC12,O=C1C=C2CCC3C4CCCC4CCC3C2CC1,-3.85
696,COc1ccc(Oc2ccc(NC(=O)N(C)C)cc2)cc1,c1ccc(Oc2ccccc2)cc1,-4.16
697,CCc1ccc(C)cc1,c1ccccc1,-3.11
698,CC(C)SC(C)C,,-2.24
699,O=[N+]([O-])c1cccc([N+](=O)[O-])c1,c1ccccc1,-2.29
700,CCOP(=S)(OCC)SCSP(=S)(OCC)OCC,,-5.54
701,CCC1(C(C)C)C(=O)NC(=O)NC1=O,O=C1CC(=O)NC(=O)N1,-2.21
702,CC(=O)OCC(=O)C1(O)CCC2C3CCC4=CC(=O)CCC4(C)C3C(=O)CC21C,O=C1C=C2CCC3C4CCCC4CC(=O)C3C2CC1,-4.21
704,Nc1ccc(Cl)cc1,c1ccccc1,-1.66
705,CCCC(C)(C)CO,,-1.52
706,c1ccoc1,c1ccoc1,-0.82
707,COCCCNc1nc(NC(C)C)nc(SC)n1,c1ncncn1,-2.928
709,CC(C)(C)c1ccccc1,c1ccccc1,-3.66
710,CC(=O)CCC1C(=O)N(c2ccccc2)N(c2ccccc2)C1=O,O=C1CC(=O)N(c2ccccc2)N1c1ccccc1,-3.27
711,CC(=O)OCC(=O)C1(O)CCC2C3CCC4=CC(=O)C=CC4(C)C3C(O)CC21C,O=C1C=CC2C(=C1)CCC1C3CCCC3CCC21,-4.37
712,CCCOC,,-0.39
713,CC(=O)OC(C)C,,-0.55
714,Brc1ccccc1,c1ccccc1,-2.55
715,CCOC(=O)c1ccc(O)cc1,c1ccccc1,-2.35
716,CCCC(=O)OCN1C(=O)NC(c2ccccc2)(c2ccccc2)C1=O,O=C1NC(=O)C(c2ccccc2)(c2ccccc2)N1,-5.071000000000001
717,CCC(=O)OC1CCC2C3CCC4=CC(=O)CCC4(C)C3CCC12C,O=C1C=C2CCC3C4CCCC4CCC3C2CC1,-5.37
720,C=CCl,,-1.75
721,CN(C)C(=O)C(c1ccccc1)c1ccccc1,c1ccc(Cc2ccccc2)cc1,-2.98
722,BrC(Br)(Br)Br,,-3.14
723,CCN1c2cc(N(C)C)cc(C)c2NC(=O)c2cccnc21,O=C1Nc2ccccc2Nc2ncccc21,-4.871
724,O=C1NC(=O)c2ccccc21,O=C1NC(=O)c2ccccc21,-2.61
726,COC(=O)c1ccccc1,c1ccccc1,-1.85
727,Cn1ccc(=O)[nH]c1=O,O=c1cc[nH]c(=O)[nH]1,-0.807
728,CCCCC1C(=O)N(c2ccccc2)N(c2ccc(O)cc2)C1=O,O=C1CC(=O)N(c2ccccc2)N1c1ccccc1,-3.73
729,Clc1ccc(Cl)c(-c2cccc(Cl)c2Cl)c1,c1ccc(-c2ccccc2)cc1,-6.47
731,CN(C)C(=O)Nc1ccc(Cl)c(Cl)c1,c1ccccc1,-3.8
734,CCCCCCCCC,,-5.88
735,Oc1ccccc1Cl,c1ccccc1,-1.06
736,Cc1cc2ccccc2c2ccc3ccccc3c12,c1ccc2c(c1)ccc1c3ccccc3ccc21,-6.59
737,CCOc1ccccc1,c1ccccc1,-2.33
738,CCOC(=O)C=Cc1ccccc1,c1ccccc1,-3.0
739,Cc1[nH]c(=O)n(C(C)(C)C)c(=O)c1Cl,O=c1cc[nH]c(=O)[nH]1,-2.484
740,O=C1CN=C(c2ccccc2Cl)c2cc([N+](=O)[O-])ccc2N1,O=C1CN=C(c2ccccc2)c2ccccc2N1,-3.4989999999999997
741,Cc1ccc(S(N)(=O)=O)cc1,c1ccccc1,-1.74
742,C#CC(C)OC(=O)Nc1cccc(Cl)c1,c1ccccc1,-2.617
743,CCCCCC(C)C,,-5.08
744,CC1(C)C(C=C(Cl)C(F)(F)F)C1C(=O)OC(C#N)c1cccc(Oc2ccccc2)c1,O=C(OCc1cccc(Oc2ccccc2)c1)C1CC1,-8.176
746,CN1C(=O)CN=C(c2ccccc2)c2cc(Cl)ccc21,O=C1CN=C(c2ccccc2)c2ccccc2N1,-3.7539999999999996
747,CCC(O)C(C)C,,-0.7
748,CCOP(=S)(OCC)Oc1ccc(S(C)=O)cc1,c1ccccc1,-2.3
750,CC12CCC(=O)C=C1CCC1C2CCC2(C)C(O)CCC12,O=C1C=C2CCC3C4CCCC4CCC3C2CC1,-4.02
751,CCCCCCC,,-4.53
752,Oc1cccc2ccccc12,c1ccc2ccccc2c1,-2.22
753,CC1CCCCC1C,C1CCCCC1,-4.3
756,CC(=O)C1(C)CCC2C3C=C(C)C4=CC(=O)CCC4(C)C3CCC21C,O=C1C=C2C=CC3C4CCCC4CCC3C2CC1,-5.27
757,CCCCCC(C)=O,,-1.45
758,COP(=O)(NC(C)=O)SC,,0.54
759,CCCCSP(=O)(SCCCC)SCCCC,,-5.14
762,CC=C(C)C,,-2.56
763,Cc1ccc(C)c(C)c1,c1ccccc1,-3.31
764,Oc1cc(Cl)c(Cl)cc1Cl,c1ccccc1,-2.21
766,CCCC(C)(O)CC,,-0.98
767,CCCCCCCC,,-5.24
768,c1ccc2cc3ccccc3cc2c1,c1ccc2cc3ccccc3cc2c1,-6.35
769,NNc1ccccc1,c1ccccc1,0.07
770,CCC=O,,0.58
771,C1CCCCCCC1,C1CCCCCCC1,-4.15
772,C=CCC1(CC=C)C(=O)NC(=O)NC1=O,O=C1CC(=O)NC(=O)N1,-2.077
773,ClC(Cl)Cl,,-1.17
776,CC1=CCCCC1,C1=CCCCC1,-3.27
777,CCCCC(C=O)CC,,-2.13
779,CCC1(CCC(C)C)C(=O)NC(=O)NC1=O,O=C1CC(=O)NC(=O)N1,-2.658
781,CCC(C=O)CC,,-1.52
782,CCCOCCC,,-1.62
783,CCCCCCCCCCCCCCO,,-5.84
784,Oc1c(Cl)ccc(Cl)c1Cl,c1ccccc1,-2.64
785,NC(N)=O,,0.96
786,C#CCCC,,-1.64
787,Brc1cccc(Br)c1,c1ccccc1,-3.54
788,CCCCCCCCCCCCCCCCCCO,,-8.4
789,CC(=O)Nc1ccccc1,c1ccccc1,-1.33
791,NNC(=O)c1ccncc1,c1ccncc1,0.009000000000000001
792,OC1C=CC2C1C1(Cl)C(Cl)=C(Cl)C2(Cl)C1(Cl)Cl,C1=CC2C3C=CC(C3)C2C1,-5.46
793,CC(C)CCOC=O,,-1.52
794,CC(=O)c1ccccc1,c1ccccc1,-1.28
796,CCOP(=O)(OCC)OCC,,0.43
797,CC12CCC(C1)C(C)(C)C2=O,O=C1CC2CCC1C2,-1.85
798,COc1cnc2cncnc2n1,c1cnc2ncncc2n1,-0.91
799,ClC1=C(Cl)C2(Cl)C3CC=CC3C1(Cl)C2(Cl)Cl,C1=CC2C3C=CC(C3)C2C1,-5.64
800,CC(C)[N+](=O)[O-],,-0.62
802,OCC(O)C(O)CO,,0.7
803,CCCOC(=O)c1ccc(N)cc1,c1ccccc1,-2.452
804,CNC(=O)C=C(C)OP(=O)(OC)OC,,0.6509999999999999
806,CCC(C)C(C)C,,-4.28
807,CCCCc1c(C)nc(NCC)nc1OS(=O)(=O)N(C)C,c1cncnc1,-4.16
809,CCN1C(=O)c2ccccc2Oc2ccccc21,O=C1Nc2ccccc2Oc2ccccc21,-3.68
810,C1CCOCC1,C1CCOCC1,-0.03
811,C#CCCCCC,,-3.01
814,CCOC(=O)c1ccccc1,c1ccccc1,-2.32
815,CC(C)CCl,,-2.0
816,C#CC1(O)CCC2C3CCc4cc(O)ccc4C3CCC21C,c1ccc2c(c1)CCC1C2CCC2CCCC21,-4.3
817,CCCCCCCCCCCC(=O)OC,,-4.69
818,CCCSCCC,,-2.58
820,CCCCCBr,,-3.08
821,C/C=C/CCCC,,-3.82
823,CCCCCC1CCCC1,C1CCCC1,-6.08
824,Clc1ccc(Cl)c(-c2c(Cl)c(Cl)cc(Cl)c2Cl)c1,c1ccc(-c2ccccc2)cc1,-7.42
825,CCC1(C(C)C)C(=O)NC(=O)NC1=O,O=C1CC(=O)NC(=O)N1,-2.148
826,CC(Cl)(Cl)Cl,,-2.0
827,CON(C)C(=O)Nc1ccc(Cl)cc1,c1ccccc1,-2.57
829,CN(C)C(=O)OC1=CC(=O)CC(C)(C)C1,O=C1C=CCCC1,-0.85
830,Cc1ccc(Br)cc1,c1ccccc1,-3.19
831,CCOCC,,-0.09
833,CCCCN(CC)c1c([N+](=O)[O-])cc(C(F)(F)F)cc1[N+](=O)[O-],c1ccccc1,-5.53
834,Cc1cc(C)c(O)c(C)c1,c1ccccc1,-2.05
835,c1ccccc1,c1ccccc1,-1.64
836,Clc1ccc(I)cc1,c1ccccc1,-4.03
837,COc1ccc(NC(=O)N(C)C)cc1Cl,c1ccccc1,-2.5639999999999996
838,CC(C)N(C(=O)CCl)c1ccccc1,c1ccccc1,-2.48
839,C=Cc1ccccc1,c1ccccc1,-2.82
840,COCOC,,0.48
841,Cc1ccccc1C,c1ccccc1,-2.8
842,CCC(C)O,,0.47
843,Oc1ccc(O)cc1,c1ccccc1,-0.17
844,CC12CCC3c4ccc(O)cc4CCC3C1CC(O)C2O,c1ccc2c(c1)CCC1C2CCC2CCCC21,-4.955
846,O=C1CNC(=O)N1,O=C1CNC(=O)N1,-0.4
847,CCCCCCc1ccc(O)cc1O,c1ccccc1,-2.59
848,C=CCSS(=O)CC=C,,-0.83
850,Cc1c(C)c2c3ccccc3ccc2c2ccccc12,c1ccc2c(c1)ccc1c3ccccc3ccc21,-7.01
851,CCCCC(=O)OC1(C(=O)CO)C(C)CC2C3CCC4=CC(=O)C=CC4(C)C3(F)C(O)CC21C,O=C1C=CC2C(=C1)CCC1C3CCCC3CCC21,-4.71
853,Oc1c(Cl)cc(Cl)c(Cl)c1Cl,c1ccccc1,-3.1
854,Clc1cccc(Cl)c1,c1ccccc1,-3.04
855,Clc1ccc(C(c2ccc(Cl)cc2)C(Cl)(Cl)Cl)cc1,c1ccc(Cc2ccccc2)cc1,-7.15
856,CC(C)COC=O,,-1.01
857,CSc1ccccc1,c1ccccc1,-2.39
858,CCN1c2ncccc2C(=O)Nc2c(C(F)(F)F)cc(C)nc21,O=C1Nc2cccnc2Nc2ncccc21,-4.207
859,CCCCCC,,-3.84
860,COC(=O)c1cccnc1,c1ccncc1,-0.46
862,Clc1ccc(-c2cc(Cl)c(Cl)c(Cl)c2Cl)cc1Cl,c1ccc(-c2ccccc2)cc1,-7.82
864,CCNc1nc(Cl)nc(NC(C)(C)C#N)n1,c1ncncn1,-3.15
867,CCCCC(CC)COC(=O)c1ccccc1C(=O)OCC(CC)CCCC,c1ccccc1,-6.96
868,CCc1ccccn1,c1ccncc1,0.51
869,COP(=O)(OC)OC(Br)C(Cl)(Cl)Br,,-2.28
870,c1ccc(-c2ccccc2)cc1,c1ccc(-c2ccccc2)cc1,-4.345
871,Clc1cc(Cl)c(-c2c(Cl)cc(Cl)cc2Cl)c(Cl)c1,c1ccc(-c2ccccc2)cc1,-8.71
872,CN(C)c1nc(N(C)C)nc(N(C)C)n1,c1ncncn1,-3.364
873,CC(C)CC(C)(C)O,,-0.92
875,OCC1OC(O)(CO)C(O)C1O,C1CCOC1,0.64
876,Cc1cc(C)cc(O)c1,c1ccccc1,-1.4
877,O=C(Nc1cccc(Cl)c1)OCC#CCCl,c1ccccc1,-4.37
878,CC(=O)Nc1ccc(Cl)cc1,c1ccccc1,-2.843
879,Clc1ccc(Cl)c(-c2c(Cl)c(Cl)c(Cl)c(Cl)c2Cl)c1,c1ccc(-c2ccccc2)cc1,-8.94
880,CCC(C)(C)C,,-3.55
881,CNc1ccccc1,c1ccccc1,-1.28
882,C=CCC=C,,-2.09
883,CC(=O)OCC(=O)C1(O)CCC2C3CCC4=CC(=O)CCC4(C)C3C(O)CC21C,O=C1C=C2CCC3C4CCCC4CCC3C2CC1,-4.88
884,Cc1cc([N+](=O)[O-])cc([N+](=O)[O-])c1O,c1ccccc1,-1.456
885,O=C1Nc2ccc(Cl)cc2C(c2ccccc2Cl)=NC1O,O=C1CN=C(c2ccccc2)c2ccccc2N1,-3.6039999999999996
886,Oc1cccc(Cl)c1,c1ccccc1,-0.7
887,Clc1cccc(Br)c1,c1ccccc1,-3.21
889,CCC1(C)C(=O)NC(=O)NC1=O,O=C1CC(=O)NC(=O)N1,-1.228
890,OCCOc1ccccc1,c1ccccc1,-0.7
891,c1ccc(Cc2ccccc2)cc1,c1ccc(Cc2ccccc2)cc1,-4.08
892,CCCCCC(O)CC,,-1.98
894,CC(C)Nc1nc(Cl)nc(NC(C)C)n1,c1ncncn1,-4.43
895,CCCC(C)CO,,-1.11
896,CCCCC(C)(C)O,,-1.08
897,CCc1ccccc1,c1ccccc1,-2.77
898,CCC1(CC=C(C)C)C(=O)NC(=O)NC1=O,O=C1CC(=O)NC(=O)N1,-2.253
899,ClC1=C(Cl)C2(Cl)C3C(Cl)C=CC3C1(Cl)C2(Cl)Cl,C1=CC2C3C=CC(C3)C2C1,-6.317
900,C=C(Br)CC1(C(C)CC)C(=O)NC(=O)NC1=O,O=C1CC(=O)NC(=O)N1,-2.647
901,CC1(C)C(C(=O)OC(C#N)c2cccc(Oc3ccccc3)c2)C1(C)C,O=C(OCc1cccc(Oc2ccccc2)c1)C1CC1,-6.025
902,COC(C)(C)CCCC(C)CC=CC(C)=CC(=O)OC(C)C,,-5.19
903,CCOC(=O)CC,,-0.66
904,CSc1nc(NC(C)C)nc(NC(C)C)n1,c1ncncn1,-4.1
905,C#CC(C)N(C)C(=O)Nc1ccc(Cl)cc1,c1ccccc1,-3.9
906,Cc1cc2ccccc2cc1C,c1ccc2ccccc2c1,-4.72
907,Clc1ccc(-c2cc(Cl)ccc2Cl)cc1,c1ccc(-c2ccccc2)cc1,-6.25
908,Clc1ccc(-c2cc(Cl)c(Cl)c(Cl)c2Cl)c(Cl)c1,c1ccc(-c2ccccc2)cc1,-7.39
909,N#CN=C(N)N,,-0.31
910,O=[N+]([O-])C(Cl)(Cl)Cl,,-2.0
911,Clc1cccc(Cl)c1-c1ccccc1,c1ccc(-c2ccccc2)cc1,-5.21
912,COc1ccc(C=O)cc1,c1ccccc1,-1.49
913,CC(=O)Nc1ccc([N+](=O)[O-])cc1,c1ccccc1,-2.6919999999999997
914,CCCCCCC(=O)OCC,,-2.74
915,CC(=O)Nc1ccc(O)cc1,c1ccccc1,-1.03
919,COC(C)=O,,0.46
921,C=CC(O)CCC,,-0.59
923,CCCCOCCCC,,-1.85
924,CCCCCCCCCCCCO,,-4.8
925,CCN1c2nc(N(C)CCO)ccc2NC(=O)c2cccnc21,O=C1Nc2cccnc2Nc2ncccc21,-3.36
926,CCCC(C)(C)O,,-0.49
927,Nc1nc(=O)[nH]cc1F,O=c1nccc[nH]1,-0.972
928,CCCCOc1ccc(C(=O)OCC)c(N(CC)CC)c1,c1ccccc1,-3.84
929,CCCCCC(C)(C)O,,-1.72
930,Cc1c(C)c(C)c(C)c(C)c1C,c1ccccc1,-5.23
931,Cc1ccc(C(C)C)c(O)c1,c1ccccc1,-2.22
932,c1cnc2ncncc2n1,c1cnc2ncncc2n1,0.02
933,CCOP(=S)(OCC)Oc1ccc([N+](=O)[O-])cc1,c1ccccc1,-4.66
934,C,,-0.9
936,O=[N+]([O-])c1cccc2ccccc12,c1ccc2ccccc2c1,-3.54
937,CCC(C)C(C)=O,,-0.67
940,C[N+](=O)[O-],,0.26
941,CC(C)N(C(=O)SCC(Cl)=C(Cl)Cl)C(C)C,,-4.88
942,C=CCCC=C,,-2.68
945,C=CCCCC,,-3.23
946,Cc1cccc(C)c1NC(=O)c1cc(S(N)(=O)=O)c(Cl)cc1O,O=C(Nc1ccccc1)c1ccccc1,-3.79
947,CCC1CCCCC1,C1CCCCC1,-4.25
948,CCCCCCCC(C)=O,,-2.58
950,CC(C)OC(=O)Nc1cccc(Cl)c1,c1ccccc1,-3.38
951,CCN1c2ncccc2C(=O)N(C)c2ccc(Cl)nc21,O=C1Nc2cccnc2Nc2ncccc21,-4.114
952,CNC(=O)Oc1cccc2ccccc12,c1ccc2ccccc2c1,-3.2239999999999998
953,C#C,,0.29
954,Cc1cncc(C)c1,c1ccncc1,0.38
956,CCOC(=O)N(C)C(=O)CSP(=S)(OCC)OCC,,-2.5180000000000002
957,CC(O)c1ccccc1,c1ccccc1,-0.92
958,CC(Cl)CCl,,-1.6
959,CCCC=C(C=O)CC,,-2.46
960,CCOP(=S)(OCC)SCCSCC,,-4.23
961,CC(=O)OC1(C)CCC2C3CCC4=CC(=O)CCC4(C)C3CCC21C,O=C1C=C2CCC3C4CCCC4CCC3C2CC1,-5.284
962,Clc1ccc(-c2c(Cl)cccc2Cl)cc1,c1ccc(-c2ccccc2)cc1,-6.14
963,O=C(NC(=O)c1c(F)cccc1F)Nc1ccc(Cl)cc1,O=C(NC(=O)c1ccccc1)Nc1ccccc1,-6.02
964,Oc1cc(Cl)ccc1Oc1ccc(Cl)cc1Cl,c1ccc(Oc2ccccc2)cc1,-4.46
965,CC(C)CCCCCOC(=O)c1ccccc1C(=O)OCCCCCC(C)C,c1ccccc1,-6.6370000000000005
966,CC12CCC(=O)C=C1CCC1C2C(O)CC2(C)C(C(=O)CO)CCC12,O=C1C=C2CCC3C4CCCC4CCC3C2CC1,-3.24
967,Cc1cc(C)cc(C)c1,c1ccccc1,-3.4
968,CCCCCCCCOC(=O)c1ccccc1C(=O)OCCCCCCCC,c1ccccc1,-5.115
969,CCCCCCCCCCCCCCCO,,-6.35
970,Clc1cccc(Cl)c1-c1c(Cl)cccc1Cl,c1ccc(-c2ccccc2)cc1,-7.39
971,CC1(C)C(=O)NC(=O)NC1=O,O=C1CC(=O)NC(=O)N1,-1.742
972,CC(C)I,,-2.09
973,O=[N+]([O-])c1ccccc1[N+](=O)[O-],c1ccccc1,-3.1
974,CC(=O)C(C)C,,-0.12
975,CCCCCCCCCCCCCCCC,,-8.4
976,CC12CCC(CC1)C(C)(C)O2,C1CC2CCC1CO2,-1.74
978,CCCCCCC(C)=O,,-2.05
979,CCCCCCCCC(=O)OC,,-3.38
980,Fc1ccc(F)cc1,c1ccccc1,-1.97
982,CCCN(CCC)c1c([N+](=O)[O-])cc(C(F)(F)F)cc1[N+](=O)[O-],c1ccccc1,-5.68
983,CCO,,1.1
985,CCNC(=O)C(C)OC(=O)Nc1ccccc1,c1ccccc1,-1.83
986,CC(C)=CC1C(C(=O)OCc2cccc(Oc3ccccc3)c2)C1(C)C,O=C(OCc1cccc(Oc2ccccc2)c1)C1CC1,-5.24
987,CN(C)C(=O)NC1CCCCCCC1,C1CCCCCCC1,-2.218
989,CCCCCCCCBr,,-5.06
991,Cc1c(N(C)C)c(=O)n(-c2ccccc2)n1C,O=c1cc[nH]n1-c1ccccc1,-0.364
992,CCC(O)CC,,-0.24
993,Cc1ccc([N+](=O)[O-])cc1,c1ccccc1,-2.49
994,CC(C)CCCO,,-1.14
995,C#CC1(O)CCC2C3CCC4=CC(=O)CCC4(O)C3CCC21C,O=C1C=C2CCC3C4CCCC4CCC3C2CC1,-4.57
996,CC(C)OC(=O)C(O)(c1ccc(Br)cc1)c1ccc(Br)cc1,c1ccc(Cc2ccccc2)cc1,-4.93
997,Nc1cnn(-c2ccccc2)c(=O)c1Cl,O=c1cccnn1-c1ccccc1,-2.878
998,CCC(C)(C)O,,0.15
999,Cc1ccc(O)cc1,c1ccccc1,-0.73
1000,CCOC=O,,0.15
1001,CN(C)c1ccccc1,c1ccccc1,-1.92
1003,CCCCS,,-2.18
1005,ClC(Cl)=C(Cl)Cl,,-2.54
1006,CCC(=O)CC,,-0.28
1007,C=CC#N,,0.15
1008,CC1CC2C3CC(F)C4=CC(=O)C=CC4(C)C3(F)C(O)CC2(C)C1(O)C(=O)CO,O=C1C=CC2C(=C1)CCC1C3CCCC3CCC21,-5.6129999999999995
1009,CCCCC(C)=O,,-0.8
1010,CCNc1nc(NC(C)(C)C)nc(OC)n1,c1ncncn1,-3.239
1011,CCCCC(C)CC,,-5.16
1012,BrCCBr,,-1.68
1013,CNC(=O)Oc1ccccc1C(C)C,c1ccccc1,-2.863
1016,COc1ccccc1Cl,c1ccccc1,-2.46
1017,COP(=S)(OC)Oc1cc(Cl)c(Br)cc1Cl,c1ccccc1,-6.09
1018,O=C(CC(Cl)Cl)NC1=C(Cl)C(=O)c2ccccc2C1=O,O=C1C=CC(=O)c2ccccc21,-5.03
1019,Clc1ccc(C(c2ccc(Cl)cc2)C(Cl)Cl)cc1,c1ccc(Cc2ccccc2)cc1,-7.2
1020,C=CC(=O)OC,,-0.22
1021,CN(C)C(=O)Nc1ccc(Oc2ccc(Cl)cc2)cc1,c1ccc(Oc2ccccc2)cc1,-4.89
1023,Cc1ccc(C(C)C)cc1,c1ccccc1,-3.77
1024,Oc1c(Cl)cccc1Cl,c1ccccc1,-1.79
1026,OC1C(O)C(O)C(O)C(O)C1O,C1CCCCC1,0.35
1027,Cn1c(=O)c2c(ncn2CC(O)CO)n(C)c1=O,O=c1[nH]c(=O)c2[nH]cnc2[nH]1,-0.17
1028,O=C(NC(CO)C(O)c1ccc([N+](=O)[O-])cc1)C(Cl)Cl,c1ccccc1,-2.1109999999999998
1029,CCC(O)(CC)CC,,-0.85
1031,Brc1ccccc1Br,c1ccccc1,-3.5
1032,Oc1c(Cl)cc(Cl)cc1Cl,c1ccccc1,-2.34
1033,CCCN(CCC)c1c([N+](=O)[O-])cc(S(N)(=O)=O)cc1[N+](=O)[O-],c1ccccc1,-5.16
1035,CC(C)C(=O)C(C)C,,-1.3
1036,CC(C)=CCC1(C(C)C)C(=O)NC(=O)NC1=O,O=C1CC(=O)NC(=O)N1,-2.593
1038,Cn1c(=O)c2c(ncn2C)n(C)c1=O,O=c1[nH]c(=O)c2[nH]cnc2[nH]1,-0.8759999999999999
1040,Cc1ccc(O)cc1C,c1ccccc1,-1.38
1041,c1ccc(Oc2ccccc2)cc1,c1ccc(Oc2ccccc2)cc1,-3.96
1042,Clc1cc(Cl)c(-c2cc(Cl)c(Cl)cc2Cl)cc1Cl,c1ccc(-c2ccccc2)cc1,-8.56
1043,NC(=O)c1cccnc1,c1ccncc1,0.61
1044,Sc1ccccc1,c1ccccc1,-2.12
1045,CNC(=O)Oc1cc(C)cc(C)c1,c1ccccc1,-2.5810000000000004
1047,CSSC,,-1.44
1048,NC(=O)c1ccccc1,c1ccccc1,-0.96
1049,Clc1ccccc1Br,c1ccccc1,-3.19
1051,CCCCC(O)CC,,-1.47
1052,CCN1c2ncccc2C(=O)Nc2c(C)cc(C)nc21,O=C1Nc2cccnc2Nc2ncccc21,-4.553999999999999
1053,Oc1cc(Cl)cc(Cl)c1,c1ccccc1,-1.34
1054,Cc1cccc2c1ccc1ccccc12,c1ccc2c(c1)ccc1ccccc12,-5.85
1055,CCCCC(CC)CO,,-2.11
1056,CC(C)N(C(=O)SCC(Cl)=CCl)C(C)C,,-4.2860000000000005
1057,Cc1ccccc1,c1ccccc1,-2.21
1058,Clc1cccc(C(Cl)(Cl)Cl)n1,c1ccncc1,-3.76
1060,CN(C)C(=S)SSC(=S)N(C)C,,-3.9
1062,CCCCCCCCCCO,,-3.63
1063,CCC(C)(C)CC,,-4.23
1064,CNC(=O)C(C)SCCSP(=O)(OC)OC,,1.1440000000000001
1065,Oc1cc(Cl)c(Cl)c(Cl)c1Cl,c1ccccc1,-3.15
1066,CCCC=O,,-0.01
1067,CC(=O)OCC(=O)C1(O)C(C)CC2C3CCC4=CC(=O)C=CC4(C)C3(F)C(O)CC21C,O=C1C=CC2C(=C1)CCC1C3CCCC3CCC21,-4.9
1068,CCCC,,-2.57
1069,COc1ccccc1O,c1ccccc1,-1.96
1070,CC(=O)C1(O)CCC2C3CC(C)C4=CC(=O)C=CC4(C)C3(F)C(O)CC21C,O=C1C=CC2C(=C1)CCC1C3CCCC3CCC21,-4.099
1071,ClC(Cl)C(Cl)(Cl)Cl,,-2.6
1072,CCOC(=O)c1ccccc1C(=O)OCC,c1ccccc1,-2.35
1073,CC(C)CO,,0.1
1074,CC(C)Cc1ccccc1,c1ccccc1,-4.12
1075,ICI,,-2.34
1076,CCCC(O)CCC,,-1.4
1077,CCCCCOC(C)=O,,-1.89
1078,Oc1c(Cl)c(Cl)cc(Cl)c1Cl,c1ccccc1,-3.37
1079,CCCc1ccccc1,c1ccccc1,-3.37
1080,FC(F)(Cl)C(F)(F)Cl,,-2.74
1081,CC=CC=O,,0.32
1082,CN(C)C(=O)N(C)C,,0.94
1083,Cc1cc(C)c(C)cc1C,c1ccccc1,-4.59
1084,C#CC1(OC(C)=O)CCC2C3CCC4=CC(=O)CCC4C3CCC21C,O=C1C=C2CCC3C4CCCC4CCC3C2CC1,-4.8
1085,CCOP(=S)(OCC)N1C(=O)c2ccccc2C1=O,O=C1NC(=O)c2ccccc21,-3.35
1086,O=C(Nc1ccccc1)c1ccccc1O,O=C(Nc1ccccc1)c1ccccc1,-3.59
1087,C=C(Cl)CSC(=S)N(CC)CC,,-3.39
1088,CCCl,,-1.06
1089,CC(=O)Nc1cc(NS(=O)(=O)C(F)(F)F)c(C)cc1C,c1ccccc1,-3.24
1091,C/C=C\CC,,-2.54
1092,CNC(=O)ON=C(CSC)C(C)(C)C,,-1.62
1094,CNC(=O)Oc1cc(C(C)(C)C)cc(C(C)(C)C)c1,c1ccccc1,-4.24
1097,CCCCCCCCCCCCCCCCCCCC,,-8.172
1099,CCC(CC)CO,,-1.17
1100,Oc1ccncc1,c1ccncc1,1.02
1101,Cl/C=C\Cl,,-1.3
1102,CC1CCCC1,C1CCCC1,-3.3
1103,CC(C)CC(C)O,,-0.8
1104,Cc1ccc2c(c1)C(=O)N(C)c1cc(N)ccc1O2,O=C1Nc2ccccc2Oc2ccccc21,-3.928
1105,CC(C)(C)CO,,-0.4
1108,C=CC,,-1.08
1109,Oc1ccc(Cl)cc1Cc1cc(Cl)ccc1O,c1ccc(Cc2ccccc2)cc1,-3.9530000000000003
1110,CCOC(=O)Nc1cccc(OC(=O)Nc2ccccc2)c1,O=C(Nc1ccccc1)Oc1ccccc1,-4.632
1112,CCCCCCC(C)O,,-2.09
1114,CCCCc1ccccc1,c1ccccc1,-4.06
1118,CC(=O)OCC(C)C,,-1.21
1119,CC(C)C(C)(C)C,,-4.36
1120,Clc1ccc(-c2c(Cl)cc(Cl)c(Cl)c2Cl)c(Cl)c1Cl,c1ccc(-c2ccccc2)cc1,-7.66
1121,N#Cc1ccccc1C#N,c1ccccc1,-2.38
1122,Cc1cccc([N+](=O)[O-])c1,c1ccccc1,-2.44
1123,FC(F)(F)C(Cl)Br,,-1.71
1124,CNC(=O)ON=C(SC)C(=O)N(C)C,,0.106
1125,CCSCCSP(=S)(OC)OC,,-3.091
1126,CCC(C)C,,-3.18
1127,COP(=O)(OC)OC(=CCl)c1cc(Cl)c(Cl)cc1Cl,c1ccccc1,-4.522
